user_input,intent,,
hi,greeting,,
hello,greeting,,
"Hey, what's up?",greeting,,
hey,greeting,,
good morning,greeting,,
good afternoon,greeting,,
good evening,greeting,,
what’s up,greeting,,
yo,greeting,,
howdy,greeting,,
namaste,greeting,,
hai,greeting,,
vanakkam,greeting,,
bye,farewell,,
goodbye,farewell,,
see you,farewell,,
see you later,farewell,,
talk to you later,farewell,,
catch you later,farewell,,
ok bye,farewell,,
"thanks, bye",farewell,,
that's all,farewell,,
exit,farewell,,
quit,farewell,,
"thank you, goodbye",farewell,,
Who are you?,bot_identity,,
Are you a real person?,bot_identity,,
Are you human?,bot_identity,,
Are you a bot?,bot_identity,,
Who made you?,bot_identity,,
Where are you from?,bot_identity,,
Why were you created?,bot_identity,,
Who built you?,bot_identity,,
Are you trained on movies?,bot_identity,,
Are you smart?,bot_identity,,
who are you?,bot_identity,,
what is your name?,bot_identity,,
tell me about yourself,bot_identity,,
are you a human?,bot_identity,,
what can you do?,bot_identity,,
are you a bot?,bot_identity,,
introduce yourself,bot_identity,,
what is this bot?,bot_identity,,
what’s your purpose?,bot_identity,,
what is your job?,bot_identity,,
what are you?,bot_identity,,
who built you?,bot_identity,,
What can you do?,bot_identity,,
How does this bot work?,bot_identity,,
Can you recommend movies?,bot_identity,,
Are you an AI?,bot_identity,,
What kind of films do you recommend?,bot_identity,,
Can I search by language?,bot_identity,,
Do you use AI to suggest movies?,bot_identity,,
Where do you get your data from?,bot_identity,,
Can I search for old movies?,bot_identity,,
how can i help you?,bot_identity,,
what are the ways you can help me?,bot_identity,,
Is this a movie chatbot?,bot_identity,,
Tell me a joke,tell_joke,,
Make me laugh,tell_joke,,
Do you know any movie jokes?,tell_joke,,
Give me a film-related joke,tell_joke,,
Say something funny,tell_joke,,
Can you lighten the mood?,tell_joke,,
Cheer me up with a joke,tell_joke,,
One joke please,tell_joke,,
Make it fun,tell_joke,,
I am sad make me face bright?,tell_joke,,
tell me a joke,tell_joke,,
make me laugh,tell_joke,,
say something funny,tell_joke,,
do you know any jokes?,tell_joke,,
give me a movie joke,tell_joke,,
can you tell a joke?,tell_joke,,
joke please,tell_joke,,
funny movie joke,tell_joke,,
i want to hear a joke,tell_joke,,
entertain me,tell_joke,,
Give me a funny line,tell_joke,,
I really loved the recommendations.,positive_feedback,,
Great suggestions!,positive_feedback,,
Your movie picks are awesome.,positive_feedback,,
The bot helped me find a perfect movie.,positive_feedback,,
i love you,positive_feedback,,
Nice work! Keep it up.,positive_feedback,,
"Thanks, that was useful.",positive_feedback,,
You nailed it with that movie list.,positive_feedback,,
"Perfect, exactly what I wanted.",positive_feedback,,
The chatbot is amazing!,positive_feedback,,
I enjoyed using this app.,positive_feedback,,
These suggestions are not helpful.,negative_feedback,,
The bot didn't understand my request.,negative_feedback,,
You gave wrong results.,negative_feedback,,
That was a bad recommendation.,negative_feedback,,
Too many irrelevant movies.,negative_feedback,,
The bot needs improvement.,negative_feedback,,
Not satisfied with the answer.,negative_feedback,,
I couldn't find what I was looking for.,negative_feedback,,
Your reply didn’t make sense.,negative_feedback,,
It’s frustrating when the bot repeats.,negative_feedback,,
Can I suggest a feature?,neutral_feedback,,
It would be better if you let us filter by IMDb rating.,neutral_feedback,,
Add an option to search by genre and actor.,neutral_feedback,,
I think the UI needs work.,neutral_feedback,,
Please include Hindi movies too.,neutral_feedback,,
Voice search would be great.,neutral_feedback,,
Can you allow sorting by newest first?,neutral_feedback,,
How do I report a bug?,neutral_feedback,,
I want to give some feedback.,neutral_feedback,,
Where can I leave my review?,neutral_feedback,,
Thanks!,thanks,,
Thank you.,thanks,,
Thanks a lot.,thanks,,
Thanks buddy.,thanks,,
Thank you so much.,thanks,,
Thx!,thanks,,
Many thanks.,thanks,,
Appreciate it.,thanks,,
Much appreciated.,thanks,,
Tysm! (Thank you so much),thanks,,
I really appreciate your help.,thanks,,
Thanks for the suggestion.,thanks,,
You’ve been a big help.,thanks,,
I’m grateful for the recommendations.,thanks,,
Thanks for the support.,thanks,,
"Thank you, that was perfect.",thanks,,
Cheers!,thanks,,
"Great, thanks.",thanks,,
Thanks for your time.,thanks,,
Thanks again!,thanks,,
"That was really helpful, thanks!",thanks,,
"You found just what I needed, thanks.",thanks,,
"Got it, thank you!",thanks,,
"Cool, thanks.",thanks,,
Exactly what I was looking for — thanks!,thanks,,
Show me something fun,fallback,,
Can you cook?,fallback,,
I love elephants,fallback,,
asdfghjkl,fallback,,
"erfvnfkdvnkwix,mcd7343544",fallback,,
Tell me the weather in Mars,fallback,,
What's your favorite color?,fallback,,
Can you recommend a Hollywood movie?,fallback,,
How tall is Rajinikanth?,fallback,,
sdfhjwekgfwee,fallback,,
"erfvnfkdvnkwix,mcd7343544",fallback,,
Make me laugh like a dolphin,fallback,,
Order me a pizza,fallback,,
When is my dentist appointment?,fallback,,
life is a journey enjoy it the ride.,fallback,,
Blah blah blah,fallback,,
I want to die,crisis_intent,,
I don't want to live anymore,crisis_intent,,
How can I kill myself?,crisis_intent,,
Life is meaningless,crisis_intent,,
I feel so alone,crisis_intent,,
Everything is falling apart,crisis_intent,,
Nobody cares about me,crisis_intent,,
End it all,crisis_intent,,
I’m depressed,crisis_intent,,
Can you help me disappear?,crisis_intent,,
ways to suicide,crisis_intent,,
I am worthless,crisis_intent,,
hopeless,crisis_intent,,
nobody cares,crisis_intent,,
hurt myself,crisis_intent,,
How are you?,small_talk,,
What's up?,small_talk,,
How’s your day?,small_talk,,
Do you like movies?,small_talk,,
Do you watch movies too?,small_talk,,
How old are you?,small_talk,,
Are you busy?,small_talk,,
Can we talk?,small_talk,,
What's your favorite movie?,small_talk,,
What’s trending now?,small_talk,,
Do you sleep?,small_talk,,
Where do you live?,small_talk,,
Show me Telugu movies,search_by_language,,
Suggest some Tamil films,search_by_language,,
Give me Kannada movie recommendations,search_by_language,,
Recommend good Malayalam films,search_by_language,,
I want to watch a Kannada movie,search_by_language,,
Do you know any good Tamil movies?,search_by_language,,
Any Telugu action films?,search_by_language,,
can you give me any Marathi movies,search_by_language,,
Do you have any Malayalam film suggestions?,search_by_language,,
Suggest top Telugu films,search_by_language,,
Telugu movies please,search_by_language,,
Suggest some Telugu movies,search_by_language,,
Can you recommend Telugu films?,search_by_language,,
Any recent Telugu releases?,search_by_language,,
"I like Telugu cinema, any suggestions?",search_by_language,,
Top Telugu films of this year?,search_by_language,,
List popular Tamil movies,search_by_language,,
Tamil movies to watch?,search_by_language,,
Any good Tamil films?,search_by_language,,
Malayalam movie suggestions?,search_by_language,,
Top Malayalam thrillers?,search_by_language,,
Best Malayalam films to watch this weekend,search_by_language,,
I want Malayalam movie recommendations,search_by_language,,
Recommend me some Kannada movies,search_by_language,,
Any famous Kannada films?,search_by_language,,
Top-rated Kannada movies,search_by_language,,
List a few Kannada movies please,search_by_language,,
Which are the best Kannada films?,search_by_language,,
Show me movies in Telugu,search_by_language,,
Do you have any Kannada film suggestions?,search_by_language,,
Do you have any Malayalam film suggestions?,search_by_language,,
Give me some Tamil language movies,search_by_language,,
Which Kannada films are trending?,search_by_language,,
can you give me Telugu movies?,search_by_language,,
Movies in Tamil or Telugu?,search_by_language,,
Show Malayalam movies from 2020,search_by_language_year,,
Show me Tamil movies from 2024,search_by_language_year,,
Any Telugu movies released in 2023?,search_by_language_year,,
List Kannada movies from 2022,search_by_language_year,,
Do you have Hindi films from 2021?,search_by_language_year,,
Give me Malayalam movies from 2020,search_by_language_year,,
Show all Tamil films released in 2019,search_by_language_year,,
Can I get Telugu movies from 2022?,search_by_language_year,,
Movies in Kannada released in 2023,search_by_language_year,,
Hindi movies from the year 2020,search_by_language_year,,
Suggest Malayalam films from 2024,search_by_language_year,,
Find Tamil language movies from 2021,search_by_language_year,,
What Telugu movies came out in 2020?,search_by_language_year,,
Show Malayalam 2023 movies,search_by_language_year,,
Give Kannada films from 2024,search_by_language_year,,
Do you have Tamil 2022 releases?,search_by_language_year,,
Recommend Hindi movies released in 2023,search_by_language_year,,
I want Malayalam 2021 films,search_by_language_year,,
Any good Tamil movies from 2020?,search_by_language_year,,
Telugu movies released in 2019,search_by_language_year,,
What Malayalam movies came out in 2022?,search_by_language_year,,
Give me Kannada 2020 films,search_by_language_year,,
Hindi 2024 movies,search_by_language_year,,
I want Telugu movies from 2024,search_by_language_year,,
Tamil movies of 2023,search_by_language_year,,
Show me Malayalam films released in 2021,search_by_language_year,,
Latest Kannada movies from 2022,search_by_language_year,,
Hindi language movies from 2023,search_by_language_year,,
Films in Tamil released in 2020,search_by_language_year,,
Telugu movies from year 2021,search_by_language_year,,
Malayalam 2019 movie list,search_by_language_year,,
Give me Kannada 1980 films,search_by_language_year,,
Malayalam 1972 moives,search_by_language_year,,
I want Telugu movies from 1954,search_by_language_year,,
Tamil movies of 1993,search_by_language_year,,
Show me Malayalam films released in 1930,search_by_language_year,,
Latest Kannada movies from 2015,search_by_language_year,,
Marathi language movies from 2008,search_by_language_year,,
Films in Tamil released in 1976,search_by_language_year,,
Telugu movies from year 1997,search_by_language_year,,
Malayalam 1900 movie list,search_by_language_year,,
Telugu 1940 movies,search_by_language_year,,
Show me the latest movies,filter_recent_movies,,
What are the newest movies released?,filter_recent_movies,,
Any recent South Indian movies?,filter_recent_movies,,
Suggest new movie releases,filter_recent_movies,,
Can you list recently released films?,filter_recent_movies,,
I want to watch the latest films,filter_recent_movies,,
What’s new in South Indian cinema?,filter_recent_movies,,
Recommend me recent movies,filter_recent_movies,,
Which movies came out this year?,filter_recent_movies,,
Give me latest movie recommendations,filter_recent_movies,,
What are the new releases?,filter_recent_movies,,
List some current popular movies,filter_recent_movies,,
What movies were released recently?,filter_recent_movies,,
Show the most recent South Indian movies,filter_recent_movies,,
Tell me recent films in theaters,filter_recent_movies,,
New movies please,filter_recent_movies,,
I want to see the most recent films,filter_recent_movies,,
What’s trending in movies now?,filter_recent_movies,,
Recommend top new movies,filter_recent_movies,,
Are there any fresh movie releases?,filter_recent_movies,,
Which movies are new in your list?,filter_recent_movies,,
Let me know the newest films,filter_recent_movies,,
What's hot in cinemas now?,filter_recent_movies,,
Movies released in the last year?,filter_recent_movies,,
Are there any new action movies?,filter_recent_movies,,
Give me some newly released titles,filter_recent_movies,,
List this month’s movie releases,filter_recent_movies,,
What came out in the past few months?,filter_recent_movies,,
Any recent hits or blockbusters?,filter_recent_movies,,
Top new movie picks?,filter_recent_movies,,
What are the most recent releases I can watch?,filter_recent_movies,,
Recently launched films in any language?,filter_recent_movies,,
New films from the past few weeks?,filter_recent_movies,,
Show me latest Tamil movies,filter_recent_by_language,,
Recommend new Hindi films,filter_recent_by_language,,
Any new Malayalam movies?,filter_recent_by_language,,
List recent Telugu releases,filter_recent_by_language,,
Show Kannada movies released recently,filter_recent_by_language,,
New Tamil movie recommendations?,filter_recent_by_language,,
Any fresh Hindi movie suggestions?,filter_recent_by_language,,
Suggest latest Malayalam releases,filter_recent_by_language,,
New Telugu movies this year?,filter_recent_by_language,,
Recommend new Kannada films,filter_recent_by_language,,
I want to see the latest Tamil films,filter_recent_by_language,,
Latest Hindi blockbusters?,filter_recent_by_language,,
Got new Malayalam movies?,filter_recent_by_language,,
Recently released Telugu films,filter_recent_by_language,,
Any recent Kannada hits?,filter_recent_by_language,,
What are the recent Tamil movies?,filter_recent_by_language,,
New Malayalam titles to watch?,filter_recent_by_language,,
Tell me latest Telugu cinema,filter_recent_by_language,,
Latest Kannada film list,filter_recent_by_language,,
What are the fresh Hindi releases?,filter_recent_by_language,,
Newly launched Malayalam movies?,filter_recent_by_language,,
Give me new Telugu movie names,filter_recent_by_language,,
Just released Kannada films?,filter_recent_by_language,,
Newest Tamil films please,filter_recent_by_language,,
Hindi movies released this year,filter_recent_by_language,,
Recent Malayalam cinema?,filter_recent_by_language,,
What's new in Telugu movies?,filter_recent_by_language,,
Show newly released Kannada movies,filter_recent_by_language,,
Any new Tamil films worth watching?,filter_recent_by_language,,
Tell me new Hindi movies to watch,filter_recent_by_language,,
Just released Telugu flicks?,filter_recent_by_language,,
List current Kannada movies,filter_recent_by_language,,
Any new Tamil cinema released?,filter_recent_by_language,,
Recently launched Hindi films,filter_recent_by_language,,
What Telugu movies are trending now?,filter_recent_by_language,,
Kannada movies that are newly released?,filter_recent_by_language,,
Which are the latest Telugu films?,filter_recent_by_language,,
Suggest some new Tamil movies,filter_recent_by_language,,
Any fresh Malayalam movie suggestions?,filter_recent_by_language,,
What Kannada films released recently?,filter_recent_by_language,,
Show me movies of Allu Arjun,search_by_actor,,
What are the latest films with Vijay?,search_by_actor,,
List movies starring Nithiin,search_by_actor,,
list movies starring Samantha,search_by_actor,,
List movies starring Mahesh Babu,search_by_actor,-,
Can you recommend films with Suriya?,search_by_actor,-,
I want to watch something with Ram Charan,search_by_actor,,
suggest some ntr films,search_by_actor,,
Give me Nani movies,search_by_actor,,
Show recent films of Dhanush,search_by_actor,,
Any movies with Jr. NTR?,search_by_actor,-,
Which movies feature Yash (KGF actor)?,search_by_actor,,
Get me some Karthi movies,search_by_actor,,
What are the top movies with Prabhas?,search_by_actor,,
Show me films where Fahadh Faasil acted,search_by_actor,,
Movies featuring Mammootty,search_by_actor,,
Get movies with Mohanlal,search_by_actor,,
Find me movies starring Sudeep,search_by_actor,,
What are some movies with Sivakarthikeyan?,search_by_actor,,
Show films with Vishal,search_by_actor,,
Recommend some movies of Ajith Kumar,search_by_actor,,
I want to watch Rajinikanth movies,search_by_actor,,
Which films feature Balakrishna?,search_by_actor,,
Give me some movies with Chiranjeevi,search_by_actor,,
Movies where Arya acted,search_by_actor,,
Tell me Naga Chaitanya films,search_by_actor,,
Show me films featuring Sai Dharam Tej,search_by_actor,,
Find films with Nivin Pauly,search_by_actor,,
What movies are there with Rana Daggubati?,search_by_actor,,
Can you show me more of his movies?,search_by_actor,,
Show me more from him,search_by_actor,,
Give me other movies of hers,search_by_actor,,
Show me movies directed by Lokesh Kanagaraj,search_by_director,,
What movies did Trivikram Srinivas directed?,search_by_director,,
List all films directed by S. S. Rajamouli,search_by_director,,
Any good movies made by Mani Ratnam?,search_by_director,,
Can you recommend movies directed Gautham Menon?,search_by_director,,
Give me some films directed by Shankar,search_by_director,,
I want movies made by Sukumar,search_by_director,,
What are the top movies directed by Atlee?,search_by_director,,
Show Telugu movies of Puri Jagannadh Direction,search_by_director,,
Tamil movies made by Vetrimaaran,search_by_director,,
Find me some Dhanush-directed movies,search_by_director,,
Give me movies made by Pa. Ranjith,search_by_director,,
Which movies are directed by Anjali Menon?,search_by_director,,
Show the best movies from Hanu Raghavapudi,search_by_director,,
Malayalam movies directed by Jeethu Joseph,search_by_director,,
List movies from Nelson Dilipkumar,search_by_director,,
What films are directed by Karthik Subbaraj?,search_by_director,,
Recommend me some movies directed by Prashanth Neel,search_by_director,,
Find Kannada movies made by Rishab Shetty,search_by_director,,
Can I get some films directed by Lingusamy?,search_by_director,,
Give movies made by Nandini Reddy,search_by_director,,
Which movies has Nandhini JS directed?,search_by_director,,
Movies made by Balaji Mohan,search_by_director,,
Get me movies directed by Selvaraghavan,search_by_director,,
Show me blockbusters from Siva direction,search_by_director,,
I want films directed by Mohan Raja,search_by_director,,
List of movies directed by N. Lingusamy,search_by_director,,
Any recent films by Suni (Kannada director)?,search_by_director,,
Find all movies made by Maruthi Dasari,search_by_director,,
What are the popular movies directed by Karthik Thangavel?,search_by_director,,
Show me movies from the 1980s,search_by_decade,,
Suggest 90s Telugu films,search_by_decade,,
Any Tamil movies from the 70s?,search_by_decade,,
Give me Kannada movies from the 2000s,search_by_decade,,
I want Malayalam movies from the 60s,search_by_decade,,
Show 2010s decade movies,search_by_decade,,
Recommend me Telugu movies from 1950s,search_by_decade,,
List Tamil films from the 1990s,search_by_decade,,
Popular Kannada movies in 1980s,search_by_decade,,
Best Malayalam films from 1970s,search_by_decade,,
Top 60s Telugu movies,search_by_decade,,
Can you suggest Tamil movies from 2010s?,search_by_decade,,
I’m looking for 90s Kannada movies,search_by_decade,,
Show me 2000s Malayalam cinema,search_by_decade,,
Any 80s movies in Tamil?,search_by_decade,,
List out old Kannada films from 1950s,search_by_decade,,
Give me some 2010s Telugu hits,search_by_decade,,
Malayalam movies from the early 90s,search_by_decade,,
Recommend Tamil 2000s movies,search_by_decade,,
Best of Telugu cinema from 1970s,search_by_decade,,
Top Kannada films from 60s and 70s,search_by_decade,,
1990s Malayalam movie list please,search_by_decade,,
Tell me about Tamil 80s blockbusters,search_by_decade,,
What are the Telugu movies from the 60s?,search_by_decade,,
Kannada movie suggestions from 2010s,search_by_decade,,
Any good Malayalam films from the 1980s?,search_by_decade,,
Movies made in 70s era,search_by_decade,,
Old Tamil movies from 1950s and 60s,search_by_decade,,
Want some 2000s decade movies,search_by_decade,,
Telugu cinema from the 1990s,search_by_decade,,
Recommend movies like Baahubali,recommend_similar,,
Give me similar films to Vikram,recommend_similar,,
What are the movies like Kantara?,recommend_similar,,
"I enjoyed Pushpa, what should I watch next?",recommend_similar,,
Can you suggest something like RRR?,recommend_similar,,
I want to see a movie like KGF,recommend_similar,,
Any alternatives to Eega?,recommend_similar,,
More movies like Mahanati?,recommend_similar,,
"I loved Drishyam, anything similar?",recommend_similar,,
Suggest films related to Ponniyin Selvan,recommend_similar,,
"If I liked Premam, what else should I try?",recommend_similar,,
What’s similar to Jailer?,recommend_similar,,
Movies comparable to Asuran?,recommend_similar,,
I want recommendations like Lucia,recommend_similar,,
Find me something like 96,recommend_similar,,
"I liked Thani Oruvan, give me similar ones",recommend_similar,,
Recommend films similar to Ala Vaikunthapurramuloo,recommend_similar,,
Anything like Vikram Vedha?,recommend_similar,,
I want something like Sita Ramam,recommend_similar,,
Suggest some titles like Anniyan,recommend_similar,,
What are the best movies like Nayakan?,recommend_similar,,
Find more like Chithram,recommend_similar,,
Any movies like Dasara?,recommend_similar,,
I want to watch films like Sarpatta Parambarai,recommend_similar,,
Recommend me something similar to Super Deluxe,recommend_similar,,
"If I liked Maara, what else would I like?",recommend_similar,,
Suggest a movie like Karnan,recommend_similar,,
More films in the style of Arjun Reddy,recommend_similar,,
What’s another movie like Thuppakki?,recommend_similar,,
Similar recommendations to Evaru,recommend_similar,,
Find Malayalam movies with Dulquer Salmaan,search_by_actor_language,,
Tamil films starring Vijay Sethupathi,search_by_actor_language,,
I want Telugu movies of Ravi Teja,search_by_actor_language,,
List Kannada movies of Puneeth Rajkumar,search_by_actor_language,,
Show me Tamil movies starring Dhanush,search_by_actor_language,,
I want to watch a Telugu movie with Allu Arjun,search_by_actor_language,,
Recommend Hindi films with Shah Rukh Khan,search_by_actor_language,,
Suggest Malayalam movies featuring Fahadh Faasil,search_by_actor_language,,
Any Kannada films with Yash?,search_by_actor_language,,
Give me some Tamil films acted by Vijay,search_by_actor_language,,
Which Telugu movies have Mahesh Babu?,search_by_actor_language,,
Find Hindi movies with Amitabh Bachchan,search_by_actor_language,,
List Malayalam movies with Nivin Pauly,search_by_actor_language,,
Recommend Kannada movies starring Rishab Shetty,search_by_actor_language,,
I want to watch Allu Arjun movies in Telugu,search_by_actor_language,,
Are there any Tamil movies with Suriya?,search_by_actor_language,,
Show Hindi films acted by Ranbir Kapoor,search_by_actor_language,,
Recommend Telugu films with Jr NTR,search_by_actor_language,,
Malayalam movies starring Dulquer Salmaan please,search_by_actor_language,,
Can you show Kannada movies with Upendra?,search_by_actor_language,,
Suggest Tamil movies with Ajith Kumar,search_by_actor_language,,
Telugu films featuring Pawan Kalyan,search_by_actor_language,,
Give me Hindi films acted by Salman Khan,search_by_actor_language,,
Any Malayalam films with Mammootty?,search_by_actor_language,,
I want movies in Kannada with Puneeth Rajkumar,search_by_actor_language,,
Show me Tamil films with Vikram,search_by_actor_language,,
Are there Hindi movies featuring Akshay Kumar?,search_by_actor_language,,
Find Telugu movies with Ram Charan,search_by_actor_language,,
Recommend Malayalam movies acted by Prithviraj,search_by_actor_language,,
Show Kannada films with Darshan,search_by_actor_language,,
Suggest Hindi movies starring Aamir Khan,search_by_actor_language,,
Any Tamil movies with Sivakarthikeyan?,search_by_actor_language,,
Recommend Telugu films with Nani,search_by_actor_language,,
Which Malayalam movies have Mohanlal?,search_by_actor_language,,
Find Kannada movies acted by Rakshit Shetty,search_by_actor_language,,
Hindi movies starring Hrithik Roshan,search_by_actor_language,,
List Tamil movies with Karthi,search_by_actor_language,,
Recommend Telugu movies starring Vijay Deverakonda,search_by_actor_language,,
I want to watch Hindi movies with Nawazuddin Siddiqui,search_by_actor_language,,
Malayalam films acted by Tovino Thomas,search_by_actor_language,,
Show Kannada movies featuring Rajkumar,search_by_actor_language,,
Tamil movies with STR (Simbu),search_by_actor_language,,
List Telugu films with Ravi Teja,search_by_actor_language,,
Recommend Malayalam films with Indrans,search_by_actor_language,,
Show me Tamil movies directed by Mani Ratnam,search_by_director_language,,
I want to watch Telugu films by S. S. Rajamouli,search_by_director_language,,
Recommend Hindi movies from Rajkumar Hirani,search_by_director_language,,
Any Malayalam movies directed by Jeethu Joseph?,search_by_director_language,,
Find Kannada films by Prashanth Neel,search_by_director_language,,
Suggest Tamil films made by Lokesh Kanagaraj,search_by_director_language,,
Which Telugu movies are directed by Trivikram Srinivas?,search_by_director_language,,
Show Hindi films by Anurag Kashyap,search_by_director_language,,
Malayalam movies by Lijo Jose Pellissery,search_by_director_language,,
Recommend Kannada films from Rishab Shetty,search_by_director_language,,
I want to watch movies in Telugu directed by Sukumar,search_by_director_language,,
Any Tamil movies directed by Shankar?,search_by_director_language,,
Find Hindi movies directed by Imtiaz Ali,search_by_director_language,,
Show Malayalam films by Sathyan Anthikad,search_by_director_language,,
Kannada movies by Yogaraj Bhat,search_by_director_language,,
Suggest Tamil movies by Karthik Subbaraj,search_by_director_language,,
Telugu films directed by Puri Jagannadh,search_by_director_language,,
Give me Hindi films by Zoya Akhtar,search_by_director_language,,
Any Malayalam films made by Blessy?,search_by_director_language,,
I want Kannada movies directed by Duniya Suri,search_by_director_language,,
Show me Tamil films by Gautham Menon,search_by_director_language,,
Recommend Hindi movies from Kabir Khan,search_by_director_language,,
List Telugu movies directed by Krish,search_by_director_language,,
Malayalam movies by Aashiq Abu please,search_by_director_language,,
Any Kannada films by Suri?,search_by_director_language,,
I want to watch movies in Tamil by Vetrimaaran,search_by_director_language,,
Hindi films directed by Sanjay Leela Bhansali,search_by_director_language,,
Suggest Telugu films by Sekhar Kammula,search_by_director_language,,
Malayalam movies made by Ranjith,search_by_director_language,,
Kannada films from Nagathihalli Chandrashekar,search_by_director_language,,
Find Tamil movies by Bala,search_by_director_language,,
Hindi movies by Nitesh Tiwari,search_by_director_language,,
Show Telugu films by Boyapati Srinu,search_by_director_language,,
Recommend Malayalam films from Kamal,search_by_director_language,,
Kannada movies directed by Ravichandran,search_by_director_language,,
Tamil films made by Mysskin,search_by_director_language,,
Any Hindi films from Shoojit Sircar?,search_by_director_language,,
Malayalam movies by Sibi Malayil,search_by_director_language,,
Show Kannada films directed by Pawan Kumar,search_by_director_language,,
Recommend Telugu movies by Maruthi,search_by_director_language,,
Show me movies of Vijay from 2022,search_by_actor_year,,
I want Allu Arjun films released in 2021,search_by_actor_year,,
What are the 2019 movies of Nani?,search_by_actor_year,,
List Mahesh Babu's movies from 2017,search_by_actor_year,,
Ram Charan movies released in 2018,search_by_actor_year,,
Give me Dhanush films from 2020,search_by_actor_year,,
Which movies did Jr NTR act in 2016?,search_by_actor_year,,
Tamil films of Suriya released in 2021,search_by_actor_year,,
Show Bollywood movies of Shah Rukh Khan from 2013,search_by_actor_year,,
What are the 2015 movies of Prabhas?,search_by_actor_year,,
Telugu movies of Ravi Teja in 2019,search_by_actor_year,,
List Samantha movies from 2022,search_by_actor_year,,
Show me films of Rajinikanth released in 2023,search_by_actor_year,,
Hindi movies of Salman Khan from 2011,search_by_actor_year,,
What movies did Pawan Kalyan act in 2012?,search_by_actor_year,,
Show me 2018 films of Nithiin,search_by_actor_year,,
2010 movies of Nagarjuna,search_by_actor_year,,
All movies of Kamal Haasan from 2022,search_by_actor_year,,
I want Kannada movies of Puneeth Rajkumar from 2019,search_by_actor_year,,
Give me movies of Yash released in 2016,search_by_actor_year,,
What are the 2021 movies of Nivin Pauly?,search_by_actor_year,,
Any movies of Fahadh Faasil in 2017?,search_by_actor_year,,
Show all films by Ajith from 2020,search_by_actor_year,,
List 2023 movies by Karthi,search_by_actor_year,,
I want movies of Mohanlal released in 2014,search_by_actor_year,,
Find 2022 movies of Ram Pothineni,search_by_actor_year,,
2019 movies acted by Rana Daggubati,search_by_actor_year,,
Tell me about Daggubati Venkatesh movies from 2015,search_by_actor_year,,
Which 2021 movies had Keerthy Suresh?,search_by_actor_year,,
Show me movies of Vijay Deverakonda from 2019,search_by_actor_year,,
What are the 2020 movies of Nayanthara?,search_by_actor_year,,
I want all Hindi movies of Akshay Kumar from 2018,search_by_actor_year,,
List films of Hrithik Roshan in 2019,search_by_actor_year,,
Give me 2016 movies of Emraan Hashmi,search_by_actor_year,,
What movies did Aishwarya Rai act in 2008?,search_by_actor_year,,
Show me 2015 films of Trisha Krishnan,search_by_actor_year,,
What are the 2022 movies of Shraddha Kapoor?,search_by_actor_year,,
Show movies of Tamannaah from 2020,search_by_actor_year,,
Give me 2017 movies acted by Kriti Sanon,search_by_actor_year,,
I want to see all 2021 movies of Rashmika Mandanna,search_by_actor_year,,
Show 2016 films of Anushka Shetty,search_by_actor_year,,
What are the 2013 movies of Kajal Aggarwal?,search_by_actor_year,,
Tell me about movies of Parineeti Chopra released in 2014,search_by_actor_year,,
List all movies by Ileana D'Cruz from 2011,search_by_actor_year,,
What are the 2020 movies of Taapsee Pannu?,search_by_actor_year,,
Show me 2022 Bollywood films of Ayushmann Khurrana,search_by_actor_year,,
Find Malayalam movies by Dulquer Salmaan in 2018,search_by_actor_year,,
Tell me about films of R. Madhavan from 2016,search_by_actor_year,,
What movies did Sai Pallavi act in 2023?,search_by_actor_year,,
List 2019 films of Genelia D'Souza,search_by_actor_year,,
Show me movies with Vijay and Atlee,search_by_actor_director,,
Which films did Mahesh Babu and Trivikram do together?,search_by_actor_director,,
I want movies where Suriya acted under Gautham Menon,search_by_actor_director,,
Give me films of Allu Arjun directed by Sukumar,search_by_actor_director,,
What are the movies of Nani and Vivek Athreya?,search_by_actor_director,,
Show Ram Charan and S. S. Rajamouli collaborations,search_by_actor_director,,
List movies where Dhanush and Vetrimaaran worked together,search_by_actor_director,,
Films with Jr NTR and Koratala Siva,search_by_actor_director,,
Any movies by Prabhas and Prashanth Neel?,search_by_actor_director,,
Tell me about Shah Rukh Khan movies directed by Karan Johar,search_by_actor_director,,
Show all movies of Pawan Kalyan and Trivikram,search_by_actor_director,,
What are the collaborations between Ravi Teja and Harish Shankar?,search_by_actor_director,,
List movies of Samantha directed by Nandini Reddy,search_by_actor_director,,
Suriya movies under Bala direction,search_by_actor_director,,
Films where Rajinikanth acted in Shankar's direction,search_by_actor_director,,
Kamal Haasan and Mani Ratnam movies,search_by_actor_director,,
Show Ajith movies directed by H. Vinoth,search_by_actor_director,,
I want movies with Nithiin and Krishna Chaitanya,search_by_actor_director,,
Which movies did Ram Pothineni and Puri Jagannadh do together?,search_by_actor_director,,
Any hits from Nagarjuna and Raghavendra Rao?,search_by_actor_director,,
Find Yash movies directed by Prashanth Neel,search_by_actor_director,,
Allu Arjun under Boyapati Srinu direction,search_by_actor_director,,
Show me movies of Keerthy Suresh directed by Nagesh Kukunoor,search_by_actor_director,,
Nayanthara movies directed by Vignesh Shivan,search_by_actor_director,,
Anushka Shetty and Gautham Menon collaborations,search_by_actor_director,,
Which movies had Trisha and Dharani working together?,search_by_actor_director,,
Show Tamannaah movies under Siva direction,search_by_actor_director,,
Tell me movies where Hrithik Roshan worked with Zoya Akhtar,search_by_actor_director,,
Ranbir Kapoor and Imtiaz Ali movies,search_by_actor_director,,
Salman Khan films directed by Kabir Khan,search_by_actor_director,,
Akshay Kumar movies under Neeraj Pandey,search_by_actor_director,,
Kareena Kapoor and Karan Johar collaborations,search_by_actor_director,,
Ranveer Singh movies directed by Rohit Shetty,search_by_actor_director,,
Shahid Kapoor films directed by Vishal Bhardwaj,search_by_actor_director,,
Any movies by Deepika Padukone and Sanjay Leela Bhansali?,search_by_actor_director,,
Alia Bhatt and Ayan Mukerji movies,search_by_actor_director,,
Amitabh Bachchan under R. Balki direction,search_by_actor_director,,
Ajay Devgn and Prakash Jha films,search_by_actor_director,,
Rajkummar Rao movies directed by Hansal Mehta,search_by_actor_director,,
Vidya Balan films directed by Suresh Triveni,search_by_actor_director,,
Aishwarya Rai and Sanjay Leela Bhansali movies,search_by_actor_director,,
Genelia movies under K. Raghavendra Rao,search_by_actor_director,,
Ileana D'Cruz with Puri Jagannadh films,search_by_actor_director,,
Jr NTR under Rajamouli direction,search_by_actor_director,,
Show movies where Vijay Deverakonda worked with Puri Jagannadh,search_by_actor_director,,
Tell me films where Nani and Indraganti Mohan Krishna collaborated,search_by_actor_director,,
Show collaborations of Dhanush and Anand L. Rai,search_by_actor_director,,
Movies of Mohanlal directed by Priyadarshan,search_by_actor_director,,
Show Dulquer Salmaan movies with Anjali Menon,search_by_actor_director,,
What are the films of Sai Pallavi directed by Sekhar Kammula?,search_by_actor_director,,
Show me Hindi movies from 2018.,search_by_language_year,,
I want to watch Tamil films released in 2020.,search_by_language_year,,
Any good Kannada movies from 2019?,search_by_language_year,,
List Malayalam movies that came out in 2021.,search_by_language_year,,
Telugu films released in 2015?,search_by_language_year,,
What are some Bengali movies from 2017?,search_by_language_year,,
Do you have any Hindi 2012 movies?,search_by_language_year,,
Recommend Tamil 2016 films.,search_by_language_year,,
suggest telugu movies from 1980,search_by_language_year,,
give me movies of Kannada in 1992,search_by_language_year,,
give tamil movies of 1975,search_by_language_year,,
Show Malayalam films from the year 2013.,search_by_language_year,,
Find Telugu movies released in 2010.,search_by_language_year,,
What Kannada movies came out in 2011?,search_by_language_year,,
Give me Hindi movies from 2009.,search_by_language_year,,
Search Tamil language films from 2005.,search_by_language_year,,
Any Malayalam films from 2022?,search_by_language_year,,
Can you list Bengali movies from 2014?,search_by_language_year,,
Looking for Telugu 2018 releases.,search_by_language_year,,
Which Kannada movies came out in 2020?,search_by_language_year,,
Find Hindi language movies released in 2007.,search_by_language_year,,
Suggest Tamil movies from 2019.,search_by_language_year,,
give me tamil movies of 1945,search_by_language_year,,
List of 2016 Malayalam films?,search_by_language_year,,
Recommend Telugu films from 2012.,search_by_language_year,,
Show Kannada movies released in 2008.,search_by_language_year,,
What are some 2015 Hindi films?,search_by_language_year,,
Get me Bengali language films from 2013.,search_by_language_year,,
I’d like Tamil 2021 movies.,search_by_language_year,,
Pull up Telugu movies from 2017.,search_by_language_year,,
Malayalam films that came out in 2010?,search_by_language_year,,
Which 2011 Hindi movies are good?,search_by_language_year,,
Give Tamil films from the year 2014.,search_by_language_year,,
What Kannada language movies were released in 2018?,search_by_language_year,,
Show me Kannada movies.,search_by_language,,
I’m in the mood for a Telugu film.,search_by_language,,
Recommend a good Malayalam movie.,search_by_language,,
What are the latest Tamil films?,search_by_language,,
Do you have any Telugu language films?,search_by_language,,
Suggest me something in Kannada.,search_by_language,,
Any blockbuster Malayalam movies?,search_by_language,,
I want to watch something in Tamil.,search_by_language,,
Give me films made in Telugu.,search_by_language,,
Can I see Kannada movies?,search_by_language,,
Recommend me Malayalam language movies.,search_by_language,,
I’d like a Tamil language film.,search_by_language,,
Are there Telugu hits in your list?,search_by_language,,
Show only Malayalam language content.,search_by_language,,
Get me some Kannada cinema.,search_by_language,,
Display Tamil movie collection.,search_by_language,,
Do you support Telugu language films?,search_by_language,,
Which movies are in Kannada?,search_by_language,,
"Malayalam films, please!",search_by_language,,
I want movies made in Tamil language.,search_by_language,,
Show Telugu movies from any year.,search_by_language,,
Can you list Kannada films?,search_by_language,,
Any films available in Malayalam?,search_by_language,,
Give me something in Telugu to watch.,search_by_language,,
Which are the best Tamil movies?,search_by_language,,
Find me Malayalam language cinema.,search_by_language,,
I love Telugu films — recommend one?,search_by_language,,
Bring me some classic Kannada films.,search_by_language,,
Give a list of movies in Tamil.,search_by_language,,
Can I get movies in Malayalam?,search_by_language,,
Suggest top-rated Telugu films.,search_by_language,,
Do you have older Tamil movies?,search_by_language,,
Malayalam movie suggestions?,search_by_language,,
What’s trending in Kannada cinema?,search_by_language,,
Recommend me any Telugu content.,search_by_language,,
I prefer watching Tamil — got any?,search_by_language,,
Any hit films in Malayalam language?,search_by_language,,
Find South Indian films in Kannada.,search_by_language,,
Only show Tamil-language movies.,search_by_language,,
Telugu-language films I can watch?,search_by_language,,
Show me Tamil movies directed by Mani Ratnam.,search_by_director_language,,
Any Telugu films by Rajamouli?,search_by_director_language,,
Give me Malayalam movies from Jeethu Joseph.,search_by_director_language,,
List Kannada films directed by Pawan Kumar.,search_by_director_language,,
I want to watch Tamil movies by Shankar.,search_by_director_language,,
Find Telugu language movies by Trivikram Srinivas.,search_by_director_language,,
Show Malayalam films directed by Anjali Menon.,search_by_director_language,,
Are there any Kannada movies by Rakshit Shetty?,search_by_director_language,,
Give me Tamil films made by Vetrimaaran.,search_by_director_language,,
Recommend Telugu films from Sukumar.,search_by_director_language,,
What are the Malayalam movies directed by Lijo Jose Pellissery?,search_by_director_language,,
Display Kannada language movies by Rishab Shetty.,search_by_director_language,,
I want Shankar’s Tamil movies.,search_by_director_language,,
Search Telugu films made by Sekhar Kammula.,search_by_director_language,,
List Malayalam films by Aashiq Abu.,search_by_director_language,,
Any Kannada films directed by Yogaraj Bhat?,search_by_director_language,,
Show Tamil films from director Bala.,search_by_director_language,,
Which Telugu movies are by Koratala Siva?,search_by_director_language,,
I’m looking for Malayalam movies by Siddique.,search_by_director_language,,
Find Kannada movies directed by Upendra.,search_by_director_language,,
What Tamil movies did Gautham Menon direct?,search_by_director_language,,
Any Telugu content from Boyapati Srinu?,search_by_director_language,,
Suggest Malayalam films from Blessy.,search_by_director_language,,
Are there Kannada films directed by Prashanth Neel?,search_by_director_language,,
Give Tamil films by Karthik Subbaraj.,search_by_director_language,,
List Telugu films from Krishna Vamsi.,search_by_director_language,,
"Malayalam movies directed by Ranjith, please.",search_by_director_language,,
Get Kannada movies made by Nagathihalli Chandrashekar.,search_by_director_language,,
What Tamil films has Lokesh Kanagaraj directed?,search_by_director_language,,
Can you show Telugu films by Dasari Narayana Rao?,search_by_director_language,,
Show me movies directed by Mani Ratnam.,search_by_director,,
I want films directed S. S. Rajamouli.,search_by_director,,
List movies directed by Shankar.,search_by_director,,
What are the movies made by Vetrimaaran?,search_by_director,,
Any films directed by Gautham Menon?,search_by_director,,
Can you get me Jeethu Joseph’s directed movies?,search_by_director,,
Movies directed by Lokesh Kanagaraj.,search_by_director,,
Find me films directed by Trivikram Srinivas.,search_by_director,,
Give me movies directed by Anjali Menon.,search_by_director,,
What are the top movies directed by Sukumar?,search_by_director,,
Show me all films directed Karthik Subbaraj.,search_by_director,,
I want to explore movies made by Bala.,search_by_director,,
Find films made by Lijo Jose Pellissery.,search_by_director,,
List some movies from Boyapati Srinu direction,search_by_director,,
What movies has Rishab Shetty directed?,search_by_director,,
Show all movies of Prashanth Neel Direction,search_by_director,,
Can you list movies directed by Upendra?,search_by_director,,
Get me Rakshit Shetty's directorial works.,search_by_director,,
Show me films made by Siddique.,search_by_director,,
What are the best films made by Aashiq Abu?,search_by_director,,
Give me the filmography of Koratala Siva.,search_by_director,,
Any recent movies directed by Gautham Menon?,search_by_director,,
I’m looking for movies directed by Krishna Vamsi.,search_by_director,,
Pull up films directed by Blessy.,search_by_director,,
Which movies are directed by Ranjith?,search_by_director,,
Give me a list of movies directed by Pawan Kumar.,search_by_director,,
Show films directed by Dasari Narayana Rao.,search_by_director,,
Get me the moives of Sekhar Kammula direction.,search_by_director,,
Any notable films directed by Nag Ashwin?,search_by_director,,
Suggest movies made by Nandini Reddy.,search_by_director,,
What are the films by Mohan Raja?,search_by_director,,
Bring up movies directed by AR Murugadoss.,search_by_director,,
List movies made by Venkat Prabhu.,search_by_director,,
Show me the films made by Selvaraghavan.,search_by_director,,
Can I get movies directed by Vamsy?,search_by_director,,
What are the famous movies directed by N. Lingusamy?,search_by_director,,
Provide movies directed Radha Mohan.,search_by_director,,
Tell me the movies directed by Puri Jagannadh.,search_by_director,,
Give me a film list directed by Chimbu Deven.,search_by_director,,
Any old movies directed by Bhagyaraj?,search_by_director,,
Show me movies from the 1990s.,search_by_decade,,
What are some great films from the 1980s?,search_by_decade,,
I want to watch classic 70s movies.,search_by_decade,,
Suggest movies made in the 2000s.,search_by_decade,,
Can you list hits from the 2010s?,search_by_decade,,
Give me popular 80s South Indian films.,search_by_decade,,
Recommend movies from the 90s era.,search_by_decade,,
I’m in the mood for 2000s Tamil cinema.,search_by_decade,,
What are the best Telugu movies from the 90s?,search_by_decade,,
Find Malayalam films from the 80s.,search_by_decade,,
Show me Kannada movies made in the 2010s.,search_by_decade,,
Can I get a list of 70s Indian films?,search_by_decade,,
Any memorable movies from the 1960s?,search_by_decade,,
I’d like to see movies from the 1950s.,search_by_decade,,
Recommend some old school 90s movies.,search_by_decade,,
Pull up films from the 80s decade.,search_by_decade,,
Show classic hits from the 70s.,search_by_decade,,
What are the best 2010s movies?,search_by_decade,,
Give me 2000s Telugu action movies.,search_by_decade,,
I want to explore 80s Tamil films.,search_by_decade,,
Can you suggest 1990s romantic movies?,search_by_decade,,
Give me a list of 70s Malayalam hits.,search_by_decade,,
Which Kannada films came out in the 90s?,search_by_decade,,
Recommend movies from 2010 to 2020.,search_by_decade,,
What movies were released in the 1960s?,search_by_decade,,
List the iconic films of the 50s.,search_by_decade,,
Any blockbuster hits from the 2000s?,search_by_decade,,
I’m interested in films from the 2010s decade.,search_by_decade,,
Give me 80s decade movies only.,search_by_decade,,
Show me early 2000s Indian cinema.,search_by_decade,,
Recommend some 90s classics.,search_by_decade,,
"I love 1970s cinema, what can you suggest?",search_by_decade,,
Best movies between 1990 and 1999?,search_by_decade,,
Movies that defined the 80s?,search_by_decade,,
Suggest decade-wise movies from the 2010s.,search_by_decade,,
What are 2000s South Indian thrillers?,search_by_decade,,
Bring me 1980s film recommendations.,search_by_decade,,
Can I get 1990s Bollywood or South Indian movies?,search_by_decade,,
Recommend something from the 70s.,search_by_decade,,
What are the highest rated 90s movies?,search_by_decade,,
Show me Vijay's movies from 2016.,search_by_actor_year,,
I want to watch Dhanush films from 2013.,search_by_actor_year,,
List Allu Arjun movies released in 2021.,search_by_actor_year,,
What are the Rajinikanth films from 2005?,search_by_actor_year,,
Give me Prabhas movies from 2010.,search_by_actor_year,,
Recommend Nani movies that came out in 2019.,search_by_actor_year,,
Can you suggest Kamal Haasan movies from 1992?,search_by_actor_year,,
What movies did Mohanlal do in 2002?,search_by_actor_year,,
List Samantha films released in 2018.,search_by_actor_year,,
Any Mahesh Babu movies from 2014?,search_by_actor_year,,
Show me Fahadh Faasil's 2020 movies.,search_by_actor_year,,
I want to see Trisha’s movies from 2007.,search_by_actor_year,,
Get me Chiranjeevi films made in 1995.,search_by_actor_year,,
Which movies did Suriya act in during 2011?,search_by_actor_year,,
Can I get Nagarjuna's 2000 movies?,search_by_actor_year,,
Suggest Karthi movies from 2017.,search_by_actor_year,,
What were the top films of Vikram in 2004?,search_by_actor_year,,
Pull up Ram Charan films from 2012.,search_by_actor_year,,
Show Pawan Kalyan movies from 2013.,search_by_actor_year,,
I’m looking for Nithya Menen movies released in 2016.,search_by_actor_year,,
Show me Dhanush movies in Tamil.,search_by_actor_language,,
I want to watch Nani films in Telugu.,search_by_actor_language,,
List Malayalam movies starring Fahadh Faasil.,search_by_actor_language,,
Any Kannada movies by Puneeth Rajkumar?,search_by_actor_language,,
Give me Tamil movies of Vijay.,search_by_actor_language,,
What are the Telugu films with Mahesh Babu?,search_by_actor_language,,
Get me Allu Arjun's Malayalam dubbed movies.,search_by_actor_language,,
Are there any Kannada movies with Yash?,search_by_actor_language,,
I want Rajinikanth's movies in Tamil only.,search_by_actor_language,,
Suggest Telugu films of Samantha.,search_by_actor_language,,
Show Malayalam films where Dulquer acted.,search_by_actor_language,,
List Nithya Menen movies in Telugu.,search_by_actor_language,,
I’m looking for Tamil movies featuring Trisha.,search_by_actor_language,,
Which Kannada movies did Rakshit Shetty star in?,search_by_actor_language,,
Pull up Malayalam films with Mohanlal.,search_by_actor_language,,
Any Telugu language movies of Ram Charan?,search_by_actor_language,,
What are the Tamil movies of Kamal Haasan?,search_by_actor_language,,
Give me Kannada movies by Rishab Shetty.,search_by_actor_language,,
I want Telugu movies of Pawan Kalyan.,search_by_actor_language,,
Suggest Tamil-language films of Suriya.,search_by_actor_language,,
List Telugu films with Anushka Shetty.,search_by_actor_language,,
Which Malayalam movies has Nivin Pauly acted in?,search_by_actor_language,,
I want movies of Sai Pallavi in Tamil.,search_by_actor_language,,
Find Kannada films starring Darshan.,search_by_actor_language,,
Show Telugu movies of Keerthy Suresh.,search_by_actor_language,,
Recommend Tamil films of Vikram.,search_by_actor_language,,
List Telugu-language movies featuring Jr. NTR.,search_by_actor_language,,
What are the Malayalam films of Parvathy Thiruvothu?,search_by_actor_language,,
Show me Kannada movies with Upendra.,search_by_actor_language,,
Show me movies where Vijay acted under Atlee’s direction.,search_by_actor_director,,
List films of Rajinikanth directed by Shankar.,search_by_actor_director,,
Any movies where Dhanush worked with Vetrimaaran?,search_by_actor_director,,
I want Nani’s movies directed by Indraganti Mohanakrishna.,search_by_actor_director,,
Get me Allu Arjun films directed by Trivikram.,search_by_actor_director,,
Find films starring Samantha and directed by Gautham Menon.,search_by_actor_director,,
Show me Mahesh Babu movies with Koratala Siva.,search_by_actor_director,,
What are the movies where Suriya worked with Hari?,search_by_actor_director,,
I want Telugu films featuring Ram Charan directed by Sukumar.,search_by_actor_director,,
List Kannada movies with Yash and directed by Prashanth Neel.,search_by_actor_director,,
Which films have Kamal Haasan under Mani Ratnam's direction?,search_by_actor_director,,
Find Malayalam movies starring Dulquer Salmaan and directed by Anjali Menon.,search_by_actor_director,,
Show movies of Nivin Pauly directed by Alphonse Puthren.,search_by_actor_director,,
Any films where Vikram worked with Bala?,search_by_actor_director,,
Give me Keerthy Suresh movies directed by Pandiraj.,search_by_actor_director,,
List movies where Fahadh Faasil was directed by Dileesh Pothan.,search_by_actor_director,,
Pull up films with Puneeth Rajkumar directed by Pavan Wadeyar.,search_by_actor_director,,
I want to see movies where Jr. NTR was directed by Rajamouli.,search_by_actor_director,,
Which movies have Trisha with director A.L. Vijay?,search_by_actor_director,,
Show me Tamil movies of Suriya directed by Gautham Menon.,search_by_actor_director,,
Show me movies with Vijay.,search_by_actor,,
List all films of Dhanush.,search_by_actor,,
What are the top movies of Allu Arjun?,search_by_actor,,
Can I see Rajinikanth’s best films?,search_by_actor,,
Recommend some movies starring Suriya.,search_by_actor,,
Any new films with Samantha?,search_by_actor,,
Which movies feature Nani as the lead?,search_by_actor,,
I want to watch Prabhas movies.,search_by_actor,,
Give me popular films with Ram Charan.,search_by_actor,,
List some Telugu films of Jr. NTR.,search_by_actor,,
What are the famous movies of Kamal Haasan?,search_by_actor,,
Find movies acted by Nivin Pauly.,search_by_actor,,
I’m looking for films featuring Keerthy Suresh.,search_by_actor,,
Show Dulquer Salmaan movies.,search_by_actor,,
Any Malayalam movies with Fahadh Faasil?,search_by_actor,,
Get me films where Trisha acted.,search_by_actor,,
Suggest some Puneeth Rajkumar films.,search_by_actor,,
Which movies has Sai Pallavi done?,search_by_actor,,
Recommend Yash’s top Kannada movies.,search_by_actor,,
Show me movies with Rashmika Mandanna.,search_by_actor,,
I want Tamil movies with Vikram.,search_by_actor,,
Give me top films of Tamannaah.,search_by_actor,,
Any movies with Nayanthara?,search_by_actor,,
Show action movies starring Vishal.,search_by_actor,,
List Kannada films of Rishab Shetty.,search_by_actor,,
Find films of Shruti Haasan.,search_by_actor,,
Any hit movies of Anushka Shetty?,search_by_actor,,
Show me movies where Jayam Ravi played the hero.,search_by_actor,,
I’m interested in films by Sathyaraj.,search_by_actor,,
Recommend movies featuring Parvathy Thiruvothu.,search_by_actor,,
What are the movies of Meena?,search_by_actor,,
List Telugu films of Genelia D’Souza.,search_by_actor,,
I want to watch films starring Karthi.,search_by_actor,,
Find Mohanlal's filmography.,search_by_actor,,
Any Vijay Sethupathi movies you recommend?,search_by_actor,,
Recommend some films starring Aishwarya Rajesh.,search_by_actor,,
"I liked Vikram, suggest similar films.",recommend_similar,,
Recommend movies like Baahubali.,recommend_similar,,
Any films similar to Eega?,recommend_similar,,
I want something like KGF.,recommend_similar,,
Show me movies like 96.,recommend_similar,,
Can you suggest films like Drishyam?,recommend_similar,,
Recommend similar movies to Asuran.,recommend_similar,,
What are some films like Super Deluxe?,recommend_similar,,
Find movies like Kaithi.,recommend_similar,,
"I enjoyed Mahanati, give me related movies.",recommend_similar,,
Suggest films similar to Ponniyin Selvan.,recommend_similar,,
What to watch after Sita Ramam?,recommend_similar,,
I want a movie like Lucifer.,recommend_similar,,
Recommend something like Vada Chennai.,recommend_similar,,
Give me films similar to Pushpa.,recommend_similar,,
"I liked Thani Oruvan, any other like it?",recommend_similar,,
Show movies like Jersey.,recommend_similar,,
Any good movies like Ratsasan?,recommend_similar,,
Suggest similar films to Ustad Hotel.,recommend_similar,,
Find me movies like Arjun Reddy.,recommend_similar,,
I’m looking for a film like Charlie.,recommend_similar,,
Recommend movies like Kantara.,recommend_similar,,
Any films similar to Master?,recommend_similar,,
Give me something like Agent Sai Srinivasa Athreya.,recommend_similar,,
"I loved Vikrant Rona, suggest similar ones.",recommend_similar,,
Recommend something like Mumbai Police.,recommend_similar,,
Find films similar to Maara.,recommend_similar,,
Suggest movies like Premam.,recommend_similar,,
I want something close to Petta.,recommend_similar,,
Movies like Nenokkadine please.,recommend_similar,,
"I liked Irudhi Suttru, recommend similar.",recommend_similar,,
Can you suggest movies like Kumbalangi Nights?,recommend_similar,,
Find movies like Maya.,recommend_similar,,
Recommend movies similar to Tumbbad.,recommend_similar,,
I want something like Don.,recommend_similar,,
Suggest me something like Pelli Choopulu.,recommend_similar,,
Give me a movie like The Great Indian Kitchen.,recommend_similar,,
Recommend films similar to RangiTaranga.,recommend_similar,,
Find me something like Onaayum Aattukkuttiyum.,recommend_similar,,
"I liked Thondimuthalum Driksakshiyum, what else is there?",recommend_similar,,
Show me the latest movies.,filter_recent_movies,,
What are the newest South Indian films?,filter_recent_movies,,
What are the latest films in theatres?,filter_recent_movies,,
Suggest me some recently released movies.,filter_recent_movies,,
Any new movies in South Indian languages?,filter_recent_movies,,
Give me the latest hit films.,filter_recent_movies,,
Recommend latest action movies.,filter_recent_movies,,
Any recent movies with good ratings?,filter_recent_movies,,
What are the most recent blockbuster films?,filter_recent_movies,,
Recently released drama movies?,filter_recent_movies,,
Give me new films from this week.,filter_recent_movies,,
Suggest new South Indian movies worth watching.,filter_recent_movies,,
I’m looking for recent suspense movies.,filter_recent_movies,,
Show me newly released films with good reviews.,filter_recent_movies,,
Recommend recent movies in regional languages.,filter_recent_movies,,
What are the top new releases of this year?,filter_recent_movies,,
Find me films that released last weekend.,filter_recent_movies,,
Show recently added movies.,filter_recent_movies,,
What are the most recent releases on Netflix?,filter_recent_movies,,
Give me newly launched movies in any South Indian language.,filter_recent_movies,,
Recommend current box office hits.,filter_recent_movies,,
I want something that just came out.,filter_recent_movies,,
Recommend me films released in the last 2 months.,filter_recent_movies,,
Any recent award-winning South Indian films?,filter_recent_movies,,
What are this year’s recent movie launches?,filter_recent_movies,,
Show me the latest Tamil movies.,filter_recent_by_language,,
Any new Malayalam movies released recently?,filter_recent_by_language,,
I want to watch recent Telugu films.,filter_recent_by_language,,
Find me the newest Kannada movies.,filter_recent_by_language,,
What are the latest Tamil releases?,filter_recent_by_language,,
Give me recently released Malayalam cinema.,filter_recent_by_language,,
Suggest new Telugu movies from this year.,filter_recent_by_language,,
Show current Kannada movie releases.,filter_recent_by_language,,
What’s new in Tamil cinema?,filter_recent_by_language,,
Recommend the latest Malayalam films.,filter_recent_by_language,,
I want to see new Telugu action movies.,filter_recent_by_language,,
Show me new romantic films in Kannada.,filter_recent_by_language,,
What are the recent hit movies in Tamil?,filter_recent_by_language,,
List recent Malayalam movies.,filter_recent_by_language,,
Give me recent Telugu family dramas.,filter_recent_by_language,,
Show me top latest Tamil thrillers.,filter_recent_by_language,,
Which Kannada films came out recently?,filter_recent_by_language,,
Any Malayalam movies released last week?,filter_recent_by_language,,
Find me the newest Telugu comedy films.,filter_recent_by_language,,
Latest Tamil movies with good ratings?,filter_recent_by_language,,
Recent Malayalam movies on OTT?,filter_recent_by_language,,
Recommend recently released Kannada films.,filter_recent_by_language,,
New Telugu movies from this month?,filter_recent_by_language,,
I want to watch latest Tamil movies online.,filter_recent_by_language,,
Any recent Malayalam drama movies?,filter_recent_by_language,,
What are the newest Kannada films on Amazon Prime?,filter_recent_by_language,,
Show trending new Telugu movies.,filter_recent_by_language,,
What Tamil movies were recently released?,filter_recent_by_language,,
Give me recent Kannada action films.,filter_recent_by_language,,
Suggest latest Malayalam romantic films.,filter_recent_by_language,,
I liked the movie suggestions,positive_feedback,,
"That was very helpful, thank you!",positive_feedback,,
"You're awesome, bot!",positive_feedback,,
I really liked that recommendation.,positive_feedback,,
Your movie picks are awesome.,positive_feedback,,
You nailed it with that movie list.,positive_feedback,,
Great response!,positive_feedback,,
You nailed it!,positive_feedback,,
That’s exactly what I was looking for.,positive_feedback,,
your suggestions are too good,positive_feedback,,
Nice work!,positive_feedback,,
"Wow, spot on!",positive_feedback,,
Perfect answer!,positive_feedback,,
"Thanks, that was useful.",positive_feedback,,
That wasn’t helpful.,negative_feedback,,
i dont like your suggestions,negative_feedback,,
That was a bad recommendation.,negative_feedback,,
You got it wrong.,negative_feedback,,
I didn’t like that suggestion.,negative_feedback,,
"Nope, not what I meant.",negative_feedback,,
That’s not useful.,negative_feedback,,
those suggestions were not that much good,negative_feedback,,
Terrible answer.,negative_feedback,,
Not satisfied with the answer.,negative_feedback,,
Didn’t help at all.,negative_feedback,,
That’s incorrect.,negative_feedback,,
Disappointing result.,negative_feedback,,
Not even close.,negative_feedback,,
It was okay.,neutral_feedback,,
"Not bad, not great.",neutral_feedback,,
Could be better.,neutral_feedback,,
That’s somewhat helpful.,neutral_feedback,,
It's alright.,neutral_feedback,,
"Meh, fine I guess.",neutral_feedback,,
Average suggestion.,neutral_feedback,,
Nothing special.,neutral_feedback,,
Just okay.,neutral_feedback,,
Neither good nor bad.,neutral_feedback,,
who is the next prime minister,fallback,,
I don’t get it.,fallback,,
What are you talking about?,fallback,,
You lost me there.,fallback,,
Weather in Hyderabad today.,fallback,,
That doesn’t make sense.,fallback,,
I don’t understand.,fallback,,
catch you late,fallback,,
Say that again?,fallback,,
What do you mean?,fallback,,
That was confusing.,fallback,,
Huh?,fallback,,
"Sorry, what?",fallback,,
Hi there!,greeting,,
Good evening,greeting,,
Howdy!,greeting,,
Greetings!,greeting,,
What's good?,greeting,,
Yo!,greeting,,
Hello there!,greeting,,
"Hey, how’s it going?",greeting,,
Nice to meet you,greeting,,
Hey buddy,greeting,,
Goodbye!,farewell,,
Catch you later!,farewell,,
See ya!,farewell,,
Talk to you soon.,farewell,,
Bye for now.,farewell,,
Take care!,farewell,,
Later!,farewell,,
Peace out!,farewell,,
Have a nice day!,farewell,,
Ciao!,farewell,,
Tell me a joke.,tell_joke,,
Make me laugh.,tell_joke,,
Got a joke?,tell_joke,,
Any funny lines?,tell_joke,,
Say something funny.,tell_joke,,
Do you know a joke?,tell_joke,,
Cheer me up with humor.,tell_joke,,
"One joke, please.",tell_joke,,
Give me a good laugh.,tell_joke,,
Make me giggle.,tell_joke,,
How are you?,small_talk,,
What's up?,small_talk,,
What’s new?,small_talk,,
Are you busy?,small_talk,,
Having a good day?,small_talk,,
Do you sleep?,small_talk,,
Do you like movies?,small_talk,,
Are you human?,small_talk,,
Can we chat?,small_talk,,
What do you do?,small_talk,,
I need help urgently.,crisis_intent,,
I’m not feeling safe.,crisis_intent,,
I’m feeling hopeless.,crisis_intent,,
Can you help me? I'm in trouble.,crisis_intent,,
I don’t want to live anymore.,crisis_intent,,
This is too much to handle.,crisis_intent,,
I can’t do this alone.,crisis_intent,,
Everything is falling apart.,crisis_intent,,
I’m really struggling right now.,crisis_intent,,
Can you connect me to someone?,crisis_intent,,
guide me with next steps,bot_identity,,
how can you help me?,bot_identity,,
Who are you?,bot_identity,,
how can you help me today,bot_identity,,
Are you a human?,bot_identity,,
What's your name?,bot_identity,,
Are you a real person?,bot_identity,,
Tell me about yourself.,bot_identity,,
Are you AI?,bot_identity,,
What can you do?,bot_identity,,
Are you a chatbot?,bot_identity,,
Who made you?,bot_identity,,
Do you have a name?,bot_identity,,
Thanks!,thanks,,
Thank you so much!,thanks,,
Really appreciate it.,thanks,,
Much obliged!,thanks,,
Many thanks!,thanks,,
Cheers!,thanks,,
"Thanks, buddy.",thanks,,
Thanks a lot.,thanks,,
You're the best!,thanks,,
Appreciate your help!,thanks,,
Can you show me more of his movies?,search_by_actor,,
Any other films he acted in?,search_by_actor,,
What else has he done?,search_by_actor,,
"More movies from him, please.",search_by_actor,,
Got any more of his films?,search_by_actor,,
Show me a few more of his works.,search_by_actor,,
I want to see more movies from him.,search_by_actor,,
What are some of his older films?,search_by_actor,,
Any recent movies with him?,search_by_actor,,
What else is he famous for?,search_by_actor,,
Give me more of his popular movies.,search_by_actor,,
More of his blockbusters?,search_by_actor,,
Did he act in anything else?,search_by_actor,,
Show me other movies featuring him.,search_by_actor,,
list some other movies of her?,search_by_actor,,
Can I get a few more titles?,search_by_actor,,
What are his latest releases?,search_by_actor,,
I want to explore more of his films.,search_by_actor,,
Got more hits from him?,search_by_actor,,
Recommend more stuff with him in it.,search_by_actor,,
Any underrated films he’s in?,search_by_actor,,
What’s another good one of his?,search_by_actor,, 
Was he in any older classics?,search_by_actor,,
give me some other movies of him,search_by_actor,,
Anything else he starred in?,search_by_actor,,
List more of his roles.,search_by_actor,,
list some other movies of her?,search_by_actor,,
What other roles has he played?,search_by_actor,,
Anything else he’s acted in recently?,search_by_actor,,
How about his earlier movies?,search_by_actor,,
Can you list some lesser-known films of his?,search_by_actor,,
I want more movies of that actor.,search_by_actor,,
Give me more like that from him.,search_by_actor,,
give other movies of him,search_by_actor,,
give me any other movies of him,search_by_actor,,
Show me movies from 2020,search_by_year,,
List all films released in 2015,search_by_year,,
Which movies came out in 2019?,search_by_year,,
I want to see 2021 movies,search_by_year,,
Give me movies from 2018,search_by_year,,
Tell me films released in 2010,search_by_year,,
Show films from 2017,search_by_year,,
Which films were released in 2022?,search_by_year,,
Display movies from 2005,search_by_year,,
What are the movies from 2008?,search_by_year,,
Give me 2014 film list,search_by_year,,
I need movies from 2016,search_by_year,,
List the movies that came out in 2009,search_by_year,,
Can you show me films from 2023?,search_by_year,,
Find movies released in 2003,search_by_year,,
What films came out in 2011?,search_by_year,,
Give list of movies from 1999,search_by_year,,
I want to know films from 2012,search_by_year,,
Display 2007 movies,search_by_year,,
Movies released in 2024 please,search_by_year,,
Get me films from 1980,search_by_year,,
Which movies released in 1995?,search_by_year,,
Show movies that came out in 2000,search_by_year,,
I’m looking for movies from 2013,search_by_year,,
Can you list 1990 films?,search_by_year,,
What movies are from 1985?,search_by_year,,
Give me list of 1975 movies,search_by_year,,
Tell me films from 1960,search_by_year,,
2001 movies please,search_by_year,,
Get 2002 film list,search_by_year,,
Any movies from 1988?,search_by_year,,
Movies from 1950,search_by_year,,
Show me 1970 films,search_by_year,,
List all movies from 1965,search_by_year,,
Display 1945 films,search_by_year,,
Films released in 1930,search_by_year,,
Which films came out in 1940?,search_by_year,,
Tell me 1920 movies,search_by_year,,
Movies from 1915,search_by_year,,
I want movies from 1900,search_by_year,,
2025 films list,search_by_year,,
Get me 2026 movies,search_by_year,,
Find all films from 2027,search_by_year,,
Show movies released in 2028,search_by_year,,
What are the movies from 2029?,search_by_year,,
Tell me which movies came out in 2030,search_by_year,,
List 2031 films,search_by_year,,
Can you give me 2032 movies?,search_by_year,,
I’d like films from 2033,search_by_year,,
2034 movies please,search_by_year,,
Display movies from 2035,search_by_year,,
Give 2036 films list,search_by_year,,
What films came out in 2037?,search_by_year,,
Show 2038 movies,search_by_year,,
Find 2039 film list,search_by_year,,
I want 2040 movies,search_by_year,,
Give list of movies from 2041,search_by_year,,
Movies released in 2042 please,search_by_year,,
2043 films,search_by_year,,
Tell me 2044 movies,search_by_year,,
What are 2045 films?,search_by_year,,
Show me movies from 2046,search_by_year,,
List movies released in 2047,search_by_year,,
Display 2048 films,search_by_year,,
Get me films from 2049,search_by_year,,
Which movies came out in 2050?,search_by_year,,
Can you list 2051 films?,search_by_year,,
2052 movies please,search_by_year,,
Show 2053 film list,search_by_year,,
I want to see 2054 movies,search_by_year,,
Show me more movies in the same language,search_by_language,,
Give me other films in this language,search_by_language,,
List more from this language,search_by_language,,
What else is there in this language,search_by_language,,
Find similar language movies,search_by_language,,
More movies in this language please,search_by_language,,
Do you have other movies like these in this language,search_by_language,,
Show other films in the same language,search_by_language,,
Can you find more from this language,search_by_language,,
Any other movies in this language,search_by_language,,
Please list more titles in this language,search_by_language,,
Give me some more from this language,search_by_language,,
I want more from this language,search_by_language,,
give me some other movies from the same language,search_by_language,,
More films in this language,search_by_language,,
Show the rest in this language,search_by_language,,
List the remaining in this language,search_by_language,,
Any other films from this language,search_by_language,,
Give me more of these language movies,search_by_language,,
What other movies are there in this language,search_by_language,,
list some other from the same lanaguge,search_by_language,,
Can I see more from this language,search_by_language,,
Show me the next movies in this language,search_by_language,,
More titles from this language please,search_by_language,,
Do you have more like this in the same language,search_by_language,,
List additional movies in this language,search_by_language,,
Are there more films from this language,search_by_language,,
give me some other movies same langauge,search_by_language,,
Find more in this language,search_by_language,,
Show me more titles from this language,search_by_language,,
I’d like more in this language,search_by_language,,
Continue with more movies in this language,search_by_language,,
Give me more like this in this language,search_by_language,,
List similar language films,search_by_language,,
Are there other movies from this language,search_by_language,,
Show next set from this language,search_by_language,,
Give me the rest from this language,search_by_language,,
Find the remaining titles in this language,search_by_language,,
Any more in this language,search_by_language,,
More from this language,search_by_language,,
Can you continue with more movies in this language,search_by_language,,
Show me the rest in the same language,search_by_language,,
List what’s left in this language,search_by_language,,
Can you show me other movies directed by him?,search_by_director,,
Can you show me other movies directed by her?,search_by_director,,
Show me some other films from the same director.,search_by_director,,
What else has he directed?,search_by_director,,
What else has she directed?,search_by_director,,
List movies from this director.,search_by_director,,
Give me other titles by the same person.,search_by_director,,
Give me more films from him.,search_by_director,,
Show me movies from her filmography.,search_by_director,,
Which other movies did he make?,search_by_director,,
Which other movies did she make?,search_by_director,,
I want to see more movies from this director.,search_by_director,,
Any other films from this person?,search_by_director,,
"More movies by the same director, please.",search_by_director,,
Show me similar movies by this director.,search_by_director,,
What are his other works?,search_by_director,,
What are her other works?,search_by_director,,
Which films has he made?,search_by_director,,
Which films has she made?,search_by_director,,
Can you list the other movies he directed?,search_by_director,,
Can you list the other movies she directed?,search_by_director,,
Give me the director’s other movies.,search_by_director,,
I want the full list of his films.,search_by_director,,
I want the full list of her films.,search_by_director,,
Which other projects did he work on?,search_by_director,,
Which other projects did she work on?,search_by_director,,
Find me all movies from him.,search_by_director,,
Find me all movies from her.,search_by_director,,
Can you recommend more from this director?,search_by_director,,
Show all films by the same person.,search_by_director,,
What else did this director work on?,search_by_director,,
Show me his complete film list.,search_by_director,,
Show me her complete film list.,search_by_director,,
Find movies by the same director as this one.,search_by_director,,
Find movies by the person who made this film.,search_by_director,,
Show me more from the person who directed this.,search_by_director,,
What else is in his portfolio?,search_by_director,,
What else is in her portfolio?,search_by_director,,
Bring up other titles by this director.,search_by_director,,
I want more movies from the same filmmaker.,search_by_director,,
Show me more movies from that year.,search_by_year,,
What else came out in the same year?,search_by_year,,
List other films from that year.,search_by_year,,
Give me other movies released that year.,search_by_year,,
Any more titles from that year?,search_by_year,,
What were the other movies released in that year?,search_by_year,,
Show me similar year releases.,search_by_year,,
What else was released around that time?,search_by_year,,
Find me more films from that year.,search_by_year,,
"Other movies from that release year, please.",search_by_year,,
List the other films that came out that year.,search_by_year,,
Show all movies from the same release year.,search_by_year,,
Can you show me other movies from that year?,search_by_year,,
What more do you have from that year?,search_by_year,,
Any other releases in that year?,search_by_year,,
Which other films came out that year?,search_by_year,,
I want to see more movies from that year.,search_by_year,,
Show more titles from that year.,search_by_year,,
Give me more from the same release year.,search_by_year,,
What else was launched that year?,search_by_year,,
Find all movies from that year.,search_by_year,,
Find more from the same year as this one.,search_by_year,,
Can you list the movies from that year?,search_by_year,,
"More films from that release year, please.",search_by_year,,
What movies were out in that year?,search_by_year,,
Other releases from the same year.,search_by_year,,
What else premiered that year?,search_by_year,,
Which other films are from that year?,search_by_year,,
Bring up movies from that year.,search_by_year,,
What more was made that year?,search_by_year,,
Show all releases for that year.,search_by_year,,
I want other titles from that release year.,search_by_year,,
Find similar-year movies.,search_by_year,,
"Movies from the same year, please.",search_by_year,,
Tell me the movies from that year.,search_by_year,,
Show me movies from the same time period.,search_by_year,,
What else is from that release year?,search_by_year,,
List more from the same year.,search_by_year,,
Other movies in that year’s lineup.,search_by_year,,
More from that year’s releases.,search_by_year,,
Tell me about Baahubali,movie_info,,
Give me details of Pushpa,movie_info,,
What is the story of Vikram,movie_info,,
Movie info for RRR,movie_info,,
Can you describe the film KGF Chapter 2,movie_info,,
What's Kanchana about,movie_info,,
Tell me more about Ala Vaikunthapurramuloo,movie_info,,
Show me information on Drishyam,movie_info,,
Give me details of Ponniyin Selvan,movie_info,,
Details about Janatha Garage,movie_info,,
Overview of Rangasthalam,movie_info,,
Synopsis of Eega,movie_info,,
What's the plot of Mahanati,movie_info,,
Tell me about Sye,movie_info,,
Info on Temper movie,movie_info,,
Give me the storyline for Arjun Reddy,movie_info,,
Describe the movie Jersey,movie_info,,
Can you tell me about Premam,movie_info,,
Movie details for 96,movie_info,,
Information about Vaaranam Aayiram,movie_info,,
Tell me about Sarileru Neekevvaru,movie_info,,
Give me the film description of Nenokkadine,movie_info,,
What's Athadu about,movie_info,,
Plot of Magadheera,movie_info,,
Tell me the story of Attarintiki Daredi,movie_info,,
Give me a summary of Oopiri,movie_info,,
Details of Thuppakki,movie_info,,
What's Singam about,movie_info,,
Tell me more about Billa,movie_info,,
Movie info on Vishwaroopam,movie_info,,
Give me details of Vedam,movie_info,,
Tell me about Nannaku Prematho,movie_info,,
Information about Dasavatharam,movie_info,,
What's Kaithi about,movie_info,,
Describe Sarkar movie,movie_info,,
Tell me about Master (2021),movie_info,,
Film details for Annaatthe,movie_info,,
What's Petta about,movie_info,,
Overview of Enthiran,movie_info,,
Details about Sivaji the Boss,movie_info,,
Tell me about Chandramukhi,movie_info,,
What's Indian (1996) about,movie_info,,
Give me information on Thalapathi,movie_info,,
Movie plot for Bombay,movie_info,,
What's Roja about,movie_info,,
Tell me about Minnale,movie_info,,
Story of Alaipayuthey,movie_info,,
Give me details for Ghilli,movie_info,,
What's Mersal about,movie_info,,
Plot of Bigil,movie_info,,
Movie info on 24 (2016),movie_info,,
Tell me about Singeetham Srinivasa Rao's Pushpak,movie_info,,
Overview of Anniyan,movie_info,,
What's I (2015) about,movie_info,,
Give me the storyline for Gentleman (1993),movie_info,,
Film info for Aparichit,movie_info,,
Tell me about Dasara,movie_info,,
Give me details for Balupu,movie_info,,
What's Race Gurram about,movie_info,,
Overview of Kick (2009),movie_info,,
Tell me about Pokiri,movie_info,,
Movie info for Businessman,movie_info,,
What's Atharintiki about,movie_info,,
Film details for Seethamma Vakitlo Sirimalle Chettu,movie_info,,
Overview of Shankar Dada MBBS,movie_info,,
Tell me about Tagore,movie_info,,
Details of Indra movie,movie_info,,
What's Narasimha Naidu about,movie_info,,
Story of Samarasimha Reddy,movie_info,,
Give me information about Simhadri,movie_info,,
What's Yamadonga about,movie_info,,
Tell me about Adhurs,movie_info,,
Movie plot for Jai Lava Kusa,movie_info,,
Give me the details of Brindavanam,movie_info,,
Overview of Sye Raa Narasimha Reddy,movie_info,,
What's Rudhramadevi about,movie_info,,
Details of Gautamiputra Satakarni,movie_info,,
Film info on Shatamanam Bhavati,movie_info,,
Tell me about Fidaa,movie_info,,
Movie details for Kanche,movie_info,,
What's Mukunda about,movie_info,,
Story of Happy Days,movie_info,,
Tell me about Leader (2010),movie_info,,
Overview of Godavari,movie_info,,
What's Anand about,movie_info,,
Film details for Manam,movie_info,,
Give me the plot of Ye Maaya Chesave,movie_info,,
What's Premam (Malayalam) about,movie_info,,
Tell me about Ustad Hotel,movie_info,,
Movie info for Bangalore Days,movie_info,,
Story of Charlie (2015),movie_info,,
Tell me about Maheshinte Prathikaaram,movie_info,,
Details for Drishyam 2,movie_info,,
What's Lucifer about,movie_info,,
Movie plot for Kurup,movie_info,,
Tell me about Minnal Murali,movie_info,,
Overview of Jallikattu,movie_info,,
What's Angamaly Diaries about,movie_info,,
Film details for Kumbalangi Nights,movie_info,,
Tell me about Mahesh Babu,person_info,,
Give me details of Allu Arjun,person_info,,
Who is Prabhas,person_info,,
Tell me about Ram Charan,person_info,,
Can you give info on Jr NTR,person_info,,
Information on N. T. Rama Rao Jr,person_info,,
Details about Chiranjeevi,person_info,,
Tell me about Pawan Kalyan,person_info,,
Who is Vijay Deverakonda,person_info,,
Tell me about Ravi Teja,person_info,,
Give me details about Nani,person_info,,
Tell me about Dulquer Salmaan,person_info,,
Information on Fahadh Faasil,person_info,,
Details about Mammootty,person_info,,
Tell me about Mohanlal,person_info,,
Who is Dhanush,person_info,,
Tell me about Suriya,person_info,,
Information on Karthi,person_info,,
Details about Vikram,person_info,,
Tell me about Kamal Haasan,person_info,,
Who is Rajinikanth,person_info,,
Give me info on Ajith Kumar,person_info,,
Tell me about Vijay,person_info,,
Details about Jayam Ravi,person_info,,
Who is Arya,person_info,,
Tell me about Sivakarthikeyan,person_info,,
Information on G. V. Prakash Kumar,person_info,,
Tell me about S. S. Rajamouli,person_info,,
Who is Shankar (director),person_info,,
Tell me about Lokesh Kanagaraj,person_info,,
Give me details about Trivikram Srinivas,person_info,,
Information on Koratala Siva,person_info,,
Who is Boyapati Srinu,person_info,,
Tell me about Harish Shankar,person_info,,
Details about Sukumar,person_info,,
Who is Anil Ravipudi,person_info,,
Tell me about Vamshi Paidipally,person_info,,
Information on Gautham Vasudev Menon,person_info,,
Tell me about Mani Ratnam,person_info,,
Details about Vetri Maaran,person_info,,
Who is Pa. Ranjith,person_info,,
Tell me about Hanu Raghavapudi,person_info,,
Information on Prashanth Neel,person_info,,
Tell me about Nag Ashwin,person_info,,
Details about Anudeep KV,person_info,,
Tell me about Tharun Bhascker,person_info,,
Who is Karan Johar,person_info,,
Tell me about Rohit Shetty,person_info,,
Information on Sanjay Leela Bhansali,person_info,,
Tell me about Anurag Kashyap,person_info,,
Details about Zoya Akhtar,person_info,,
Who is Farhan Akhtar,person_info,,
Tell me about Nivin Pauly,person_info,,
Information on Tovino Thomas,person_info,,
Tell me about Asif Ali,person_info,,
Details about Indrajith Sukumaran,person_info,,
Who is Vineeth Sreenivasan,person_info,,
Tell me about Lal Jose,person_info,,
Information on Priyadarshan,person_info,,
Tell me about B. Unnikrishnan,person_info,,
Details about R. Madhavan,person_info,,
Who is Shruti Haasan,person_info,,
Tell me about Samantha Ruth Prabhu,person_info,,
Information on Rashmika Mandanna,person_info,,
Tell me about Keerthy Suresh,person_info,,
Details about Sai Pallavi,person_info,,
Who is Nayanthara,person_info,,
Tell me about Anushka Shetty,person_info,,
Information on Kajal Aggarwal,person_info,,
Tell me about Tamannaah Bhatia,person_info,,
Details about Trisha Krishnan,person_info,,
Who is Amala Paul,person_info,,
Tell me about Nazriya Nazim,person_info,,
Information on Parvathy Thiruvothu,person_info,,
Tell me about Aishwarya Rajesh,person_info,,
Details about Priya Anand,person_info,,
Who is Megha Akash,person_info,,
Tell me about Hebah Patel,person_info,,
Information on Raashi Khanna,person_info,,
Tell me about Eesha Rebba,person_info,,
Details about Pooja Hegde,person_info,,
Who is Kriti Shetty,person_info,,
Tell me about Anjali,person_info,,
Information on Bhumika Chawla,person_info,,
Tell me about Sneha,person_info,,
Details about Simran,person_info,,
Who is Jyothika,person_info,,
Tell me about Revathi,person_info,,
Information on Shobana,person_info,,
Tell me about Soundarya,person_info,,
Details about Savitri,person_info,,
Who is Bhanumathi Ramakrishna,person_info,,
Tell me about Kanchana (actress),person_info,,
Information on T. P. Rajalakshmi,person_info,,
Tell me about P. Bhanumathi,person_info,,
Details about Sowcar Janaki,person_info,,
Who is Lakshmi (actress),person_info,,
Tell me about Roja Selvamani,person_info,,